-1.029184123396114536e+00,-1.063118179191288259e+00,-1.069683050794616896e+00,-1.067581201084257359e+00,-1.061701693300735716e+00,-1.053925528400936562e+00,-1.045130708025979960e+00,-1.035778085509762025e+00,-1.026129157568191008e+00,-1.016340538983834030e+00,-1.006509644446176743e+00,-9.966986385035295770e-01,-9.869478040110435391e-01,-9.772833861432077551e-01,-9.677223856488046394e-01,-9.582755877999241667e-01,-9.489495308608669744e-01,-9.397478159353038762e-01,-9.306719961479722469e-01,-9.217221905625050393e-01,-9.128975141474358068e-01,-9.041963825287239187e-01,-8.956167301241461098e-01,-8.871561675023165172e-01,-8.788120955638913934e-01,-8.705817887099821517e-01,-8.624624555219020383e-01,-8.544512829984014513e-01,-8.465454686861710876e-01,-8.387422438437308614e-01
-9.616830201882542450e-01,-9.999788698743938831e-01,-1.008598828174188888e+00,-1.007705397396019498e+00,-1.002609574557888461e+00,-9.953687565117119718e-01,-9.869500070864714036e-01,-9.778647529619286516e-01,-9.684056274255159469e-01,-9.587495857045401637e-01,-9.490079469267752588e-01,-9.392527275209955340e-01,-9.295313965405660461e-01,-9.198755682175804305e-01,-9.103063362727802366e-01,-9.008376599978008548e-01,-8.914785754916714211e-01,-8.822346747651982346e-01,-8.731091155574005613e-01,-8.641033229131369620e-01,-8.552174839478847712e-01,-8.464509012368914842e-01,-8.378022479585355287e-01,-8.292697537643908268e-01,-8.208513411720658182e-01,-8.125447262148273175e-01,-8.043474930083029939e-01,-7.962571491140364444e-01,-7.882711666548207763e-01,-7.803870127869374507e-01
-8.948897437724163684e-01,-9.373810683301903035e-01,-9.480010938149678879e-01,-9.482940900756233749e-01,-9.439740725306882130e-01,-9.372678933186886496e-01,-9.292285370240557230e-01,-9.204163856950091649e-01,-9.111542992878972624e-01,-9.016390282348983876e-01,-8.919954534420415637e-01,-8.823052198449341521e-01,-8.726228328760865516e-01,-8.629851730857449610e-01,-8.534173555003478073e-01,-8.439364628044294658e-01,-8.345539928599834401e-01,-8.252775027660533835e-01,-8.161117363908189093e-01,-8.070594115891317477e-01,-7.981217783442305924e-01,-7.892990197775030525e-01,-7.805905435650770663e-01,-7.719951957799500164e-01,-7.635114190974748860e-01,-7.551373706281976350e-01,-7.468710101471556229e-01,-7.387101664136735968e-01,-7.306525871418338980e-01,-7.226959766816816177e-01
-8.284543074265220408e-01,-8.749979438629967854e-01,-8.875710427054787077e-01,-8.890318402179396839e-01,-8.854810698978639039e-01,-8.793090840584147916e-01,-8.716521027902743857e-01,-8.631180850361381829e-01,-8.540593444378928867e-01,-8.446919645928121501e-01,-8.351540984276841773e-01,-8.255368308257948762e-01,-8.159015772996616178e-01,-8.062903981857815205e-01,-7.967323694810822809e-01,-7.872476546346317550e-01,-7.778501828732042878e-01,-7.685494545892791463e-01,-7.593517841320498452e-01,-7.502611709676170193e-01,-7.412799200047259784e-01,-7.324090893738860464e-01,-7.236488175016161373e-01,-7.149985644741829738e-01,-7.064572917226855653e-01,-6.980235967905807914e-01,-6.896958150386245379e-01,-6.814720967792958772e-01,-6.733504659944739013e-01,-6.653288651429427603e-01
-7.620494231003007712e-01,-8.125295159048238069e-01,-8.270196121642308107e-01,-8.296352547632273033e-01,-8.268504449365907671e-01,-8.212141783361683878e-01,-8.139437453777005338e-01,-8.056935830711665636e-01,-7.968448497749391901e-01,-7.876326026840076988e-01,-7.782080441600713883e-01,-7.686715561944821307e-01,-7.590913701515086265e-01,-7.495146626785323951e-01,-7.399744273233919145e-01,-7.304938782930601171e-01,-7.210893553327718530e-01,-7.117722876484003924e-01,-7.025505500792389446e-01,-6.934294169151117293e-01,-6.844122435105567392e-01,-6.755009602002932656e-01,-6.666964345779515799e-01,-6.579987400533724440e-01,-6.494073567775092704e-01,-6.409213231679385947e-01,-6.325393509583108198e-01,-6.242599130495097848e-01,-6.160813109011538113e-01,-6.080017264101817975e-01
-6.953833193518350608e-01,-7.497114707322649618e-01,-7.660942157514765150e-01,-7.698583253456300346e-01,-7.678403630171602989e-01,-7.627441821725327031e-01,-7.558664919973041574e-01,-7.479073884330914579e-01,-7.392764317745137426e-01,-7.302273984939681162e-01,-7.209243877798342526e-01,-7.114769842403882993e-01,-7.019601753212710848e-01,-6.924262157001921381e-01,-6.829119918774859688e-01,-6.734437531294814594e-01,-6.640402399373076525e-01,-6.547148045055639631e-01,-6.454768790400505774e-01,-6.363330113656880949e-01,-6.272876072465368713e-01,-6.183434700362570036e-01,-6.095021978820607256e-01,-6.007644792797592892e-01,-5.921303151004428944e-01,-5.835991867763579144e-01,-5.751701846258062689e-01,-5.668421063723244613e-01,-5.586135331758556033e-01,-5.504828885587804699e-01
-6.282043654582498693e-01,-6.863175232600694509e-01,-7.045798742372983980e-01,-7.094927094300575998e-01,-7.082469047989824462e-01,-7.036983531300201600e-01,-6.972219987050637391e-01,-6.895630343082065350e-01,-6.811591334940532150e-01,-6.722826361778448945e-01,-6.631104518618564647e-01,-6.537613193868008210e-01,-6.443169556969545742e-01,-6.348346797365508332e-01,-6.253552648712632500e-01,-6.159079939980131035e-01,-6.065140096828890437e-01,-5.971885901394038410e-01,-5.879427288992915557e-01,-5.787842517814597576e-01,-5.697186196328358765e-01,-5.607495135338943504e-01,-5.518792668156983217e-01,-5.431091875446875106e-01,-5.344398016119640271e-01,-5.258710375592229314e-01,-5.174023681710872014e-01,-5.090329196622110919e-01,-5.007615563530449787e-01,-4.925869466512835526e-01
-5.603008234688109379e-01,-6.221580791208791705e-01,-6.422972294863158460e-01,-6.483652714263555827e-01,-6.479012297303438084e-01,-6.439110463355424141e-01,-6.378471206206498545e-01,-6.304994035719996281e-01,-6.223335283016960817e-01,-6.136403292485418381e-01,-6.046094984940355577e-01,-5.953689220483034950e-01,-5.860070497503158116e-01,-5.765862733720591438e-01,-5.671512640528049154e-01,-5.577343500452970337e-01,-5.483590877449836531e-01,-5.390426926986334744e-01,-5.297977304570942181e-01,-5.206333148072765926e-01,-5.115559709148372880e-01,-5.025702661036322016e-01,-4.936792767244312374e-01,-4.848849376171633363e-01,-4.761883063135535776e-01,-4.675897645534348168e-01,-4.590891731925043073e-01,-4.506859921020996973e-01,-4.423793735306519315e-01,-4.341682351779400095e-01
-4.914980083503983632e-01,-5.570770347910967146e-01,-5.790990672064260103e-01,-5.863343765739190694e-01,-5.866656727602944654e-01,-5.832476365586678480e-01,-5.776096763674908319e-01,-5.705863489548135270e-01,-5.626712066101765553e-01,-5.541735828919469586e-01,-5.452959748122147010e-01,-5.361754439613354295e-01,-5.269072023986196562e-01,-5.175587427407292163e-01,-5.081786597328248334e-01,-4.988023503850181894e-01,-4.894558059367610792e-01,-4.801581980650528880e-01,-4.709236811333998851e-01,-4.617626719072830399e-01,-4.526827733074824112e-01,-4.436894509532121056e-01,-4.347865350511604943e-01,-4.259765969832075561e-01,-4.172612347514264020e-01,-4.086412912967878341e-01,-4.001170228195043421e-01,-3.916882294756995897e-01,-3.833543574976560064e-01,-3.751145794244166165e-01
-4.216543086701447507e-01,-4.909478570709484568e-01,-5.148663393425125800e-01,-5.232858329375610351e-01,-5.244296010906318584e-01,-5.216002903048103656e-01,-5.164041379147283894e-01,-5.097203036231301443e-01,-5.020703102942908336e-01,-4.937820552322083056e-01,-4.850709039653064991e-01,-4.760831515181392914e-01,-4.669208231925147112e-01,-4.576565568781102433e-01,-4.483429094488239341e-01,-4.390183800740025122e-01,-4.297114238620869386e-01,-4.204431939261554785e-01,-4.112294555920745776e-01,-4.020819480719908245e-01,-3.930093692254867932e-01,-3.840180981981694552e-01,-3.751127326082349667e-01,-3.662964924917420095e-01,-3.575715271848470822e-01,-3.489391506091242823e-01,-3.404000231433558232e-01,-3.319542932350304509e-01,-3.236017083798919947e-01,-3.153417025949069030e-01
-3.506569302494513263e-01,-4.236696010499285681e-01,-4.495042454136888299e-01,-4.591289767899546792e-01,-4.611054798467660865e-01,-4.588840007088166306e-01,-4.541476291955341971e-01,-4.478202407890566894e-01,-4.404514520455526938e-01,-4.323878360301443013e-01,-4.238577232523872418e-01,-4.150167237346490401e-01,-4.059737446852501597e-01,-3.968066271676661261e-01,-3.875719392236602889e-01,-3.783113239476582068e-01,-3.690557361029633832e-01,-3.598283410876734756e-01,-3.506465419415816243e-01,-3.415234236547535218e-01,-3.324687994847879136e-01,-3.234899801370204608e-01,-3.145923466137418023e-01,-3.057797818175715943e-01,-2.970549991197192208e-01,-2.884197948190370120e-01,-2.798752437386523573e-01,-2.714218518981909023e-01,-2.630596764760408934e-01,-2.547884206295680798e-01
-2.784178341583445349e-01,-3.551632130563240342e-01,-3.829386566554358051e-01,-3.937931444409272785e-01,-3.966253597856352897e-01,-3.950330748073401788e-01,-3.907764037246311828e-01,-3.848241361466975263e-01,-3.777541591980212443e-01,-3.699318697365091557e-01,-3.615986850440024991e-01,-3.529196302071316849e-01,-3.440105769471273334e-01,-3.349546381801711270e-01,-3.258124506681648880e-01,-3.166288500451264198e-01,-3.074373321127144010e-01,-2.982631100417669767e-01,-2.891252552287939537e-01,-2.800382250726256572e-01,-2.710129715130739081e-01,-2.620577572882309969e-01,-2.531787648805875479e-01,-2.443805561331801046e-01,-2.356664227956192237e-01,-2.270386563983982642e-01,-2.184987577755831412e-01,-2.100476009663895249e-01,-2.016855623022580923e-01,-1.934126226947072702e-01
-2.048700956975268994e-01,-2.853682732571038994e-01,-3.151130003688300540e-01,-3.272246230987694293e-01,-3.309378610957540712e-01,-3.299981324694141183e-01,-3.262428481998274066e-01,-3.206859695812123157e-01,-3.139338692370190476e-01,-3.063709418846453092e-01,-2.982518320449265570e-01,-2.897510938380859491e-01,-2.809916567684633826e-01,-2.720619826667427521e-01,-2.630268412940928169e-01,-2.539343149317990767e-01,-2.448204863570557777e-01,-2.357126558257113258e-01,-2.266315969829924004e-01,-2.175931690558758902e-01,-2.086094883654758814e-01,-1.996897922639675471e-01,-1.908410846642182301e-01,-1.820686240648583532e-01,-1.733762963989453620e-01,-1.647669025918689911e-01,-1.562423822331830969e-01,-1.478039888941549140e-01,-1.394524284966973671e-01,-1.311879692017104970e-01
-1.299647659437392910e-01,-2.142402212430269959e-01,-2.459856269849713950e-01,-2.593840889286327389e-01,-2.640056504728338638e-01,-2.637436052366748385e-01,-2.605129927856177918e-01,-2.553732402856634387e-01,-2.489594453092861537e-01,-2.416751919074697774e-01,-2.337885052180629364e-01,-2.254835922706861506e-01,-2.168905414320195790e-01,-2.081032468019599069e-01,-1.991906805851770823e-01,-1.902042301236642752e-01,-1.811826147448301061e-01,-1.721552642104148267e-01,-1.631446909899786357e-01,-1.541681878955107887e-01,-1.452390633807216780e-01,-1.363675538077919747e-01,-1.275615060849347726e-01,-1.188268945268553534e-01,-1.101682163555584015e-01,-1.015887972303194386e-01,-9.309102930838908385e-02,-8.467655817900532345e-02,-7.634643068283142320e-02,-6.810121254348544539e-02
-5.366823663195097183e-02,-1.417480476540777801e-01,-1.755276322811449852e-01,-1.902444970043004613e-01,-1.958033700019463641e-01,-1.962456884387080436e-01,-1.935644769733975146e-01,-1.888649402220892171e-01,-1.828111531083607133e-01,-1.758260905051767242e-01,-1.681913195062969546e-01,-1.601008303942615951e-01,-1.516919768258667700e-01,-1.430641730139257106e-01,-1.342906668662208203e-01,-1.254262124772770326e-01,-1.165122181433363435e-01,-1.075802880408424089e-01,-9.865471223212807228e-02,-8.975425081679544448e-02,-8.089343386941871827e-02,-7.208352271720508408e-02,-6.333323023512871242e-02,-5.464926698898431301e-02,-4.603675975503296325e-02,-3.749957532491132728e-02,-2.904057320705477618e-02,-2.066180438792153407e-02,-1.236466877936848174e-02,-4.150040743555294398e-03
2.403993199183496188e-02,-6.787240564582086577e-02,-1.037210840182747340e-01,-1.197893687013711350e-01,-1.263159602074301890e-01,-1.274906861392566260e-01,-1.253849080562350338e-01,-1.211499206729436118e-01,-1.154790317726337445e-01,-1.088148122444134724e-01,-1.014525362049021329e-01,-9.359611105574483503e-02,-8.539026541014993477e-02,-7.694002437791302995e-02,-6.832298748523812915e-02,-5.959733966608082856e-02,-5.080723276546661449e-02,-4.198649223714201462e-02,-3.316122627502293696e-02,-2.435169757741528773e-02,-1.557368879355081059e-02,-6.839513509803940572e-03,1.841225233615517709e-03,1.046105905733241137e-02,1.901421232678734974e-02,2.749625976009750783e-02,3.590385882585755972e-02,4.423453893676287940e-02,5.248653419059290393e-02,6.065864979620838593e-02
1.031687783842216710e-01,7.395915202190295190e-03,-3.055759453449513607e-02,-4.801141670044328791e-02,-5.553731603708444986e-02,-5.747368631384741633e-02,-5.597054830975789486e-02,-5.222558672674959546e-02,-4.696159245199460486e-02,-4.064093591301332076e-02,-3.357276342878257047e-02,-2.597103438939929454e-02,-1.798796346203879182e-02,-9.734279050332306227e-03,-1.292009875120347928e-03,7.277162566264538945e-03,1.592628672466900319e-02,2.461926751116527701e-02,3.332813665370437661e-02,4.203109222516421273e-02,5.071106681521730941e-02,5.935466613376261247e-02,6.795137170363207968e-02,7.649293476792395907e-02,8.497291059472578123e-02,9.338629718030544424e-02,1.017292524812031251e-01,1.099988713402653140e-01,1.181930082281072991e-01,1.263101354604705406e-01
1.837173644561471697e-01,8.405721116938158488e-02,4.396281855704975428e-02,2.508855030243184459e-02,1.653078249413586498e-02,1.380249253005882970e-02,1.467472848890705173e-02,1.790314027688522103e-02,2.273521604673089946e-02,2.868858857185729860e-02,3.544007713146468674e-02,4.276553663320181720e-02,5.050515537752287010e-02,5.854240879728211944e-02,6.679076059462452086e-02,7.518496599941815184e-02,8.367521653142362403e-02,9.222309800761829823e-02,1.007987390353159984e-01,1.093787607582628052e-01,1.179447777861122315e-01,1.264822856921852257e-01,1.349798243494775285e-01,1.434283411663666019e-01,1.518207012285484048e-01,1.601513067786277666e-01,1.684157990156301965e-01,1.766108225287583711e-01,1.847338378491424349e-01,1.927829712966706577e-01
2.656759177820773310e-01,1.621038376531354075e-01,1.198326366877346949e-01,9.950249566815050350e-02,8.987951729920262700e-02,8.632813561815844139e-02,8.654026368353839871e-02,8.922464504500382532e-02,9.359882750271508733e-02,9.916025995961708084e-02,1.055715707270166170e-01,1.125982983078741562e-01,1.200729244459796119e-01,1.278730360508786301e-01,1.359075107966525309e-01,1.441074735080759561e-01,1.524202009104199673e-01,1.608049095073167400e-01,1.692297809164977629e-01,1.776698207971794119e-01,1.861052917006869034e-01,1.945205487828294277e-01,2.029031632270335006e-01,2.112432543501431281e-01,2.195329752015081626e-01,2.277661125017476085e-01,2.359377727433319416e-01,2.440441339071580673e-01,2.520822476336221918e-01,2.600498805359942045e-01
3.490267453390620833e-01,2.415209821023514003e-01,1.970375563819186659e-01,1.752158414423030663e-01,1.644937021508088293e-01,1.600872921273062133e-01,1.596092684819334639e-01,1.617212703507795446e-01,1.656107094478900255e-01,1.707546772959507297e-01,1.768014625912637250e-01,1.835061613437638517e-01,1.906934418256794883e-01,1.982349114252408562e-01,2.060347839090215238e-01,2.140204866305391862e-01,2.221363233994287922e-01,2.303390907231586127e-01,2.385949787694789936e-01,2.468773384903868440e-01,2.551650455924030503e-01,2.634412838074977614e-01,2.716926278630427127e-01,2.799083440100920139e-01,2.880798507065294167e-01,2.962002987022702705e-01,3.042642411772731315e-01,3.122673725175050263e-01,3.202063199150272377e-01,3.280784759849968424e-01
4.337449658065717362e-01,3.222872785919017602e-01,2.755570569969205685e-01,2.522080124681531643e-01,2.403523138874441578e-01,2.350582993387333453e-01,2.338593445880725596e-01,2.353698364191412207e-01,2.387468828381584807e-01,2.434470609446145462e-01,2.491041810687935065e-01,2.554627766445179970e-01,2.623395991726487075e-01,2.696001876273668163e-01,2.771440151199280333e-01,2.848947449612254657e-01,2.927936499989958197e-01,3.007950558593667223e-01,3.088631164155392073e-01,3.169694881882996196e-01,3.250916246787676211e-01,3.332115065723462166e-01,3.413146837363765229e-01,3.493895437379052060e-01,3.574267472479228935e-01,3.654187879671536576e-01,3.733596465424796618e-01,3.812445161818702744e-01,3.890695834950089749e-01,3.968318522520287717e-01
5.197991003563653400e-01,4.043752994633726949e-01,3.553648537165261523e-01,3.304528705368532382e-01,3.174289168290016505e-01,3.112142022600026259e-01,3.092629019853510020e-01,3.101420587535392848e-01,3.129783411744998523e-01,3.172076738578981647e-01,3.224492616299697856e-01,3.284369624841331214e-01,3.349795123459877733e-01,3.419362956417288935e-01,3.492019697051172988e-01,3.566963681072079506e-01,3.643576750578328971e-01,3.721376944470005110e-01,3.799984988099950334e-01,3.879100101601330453e-01,3.958482239792647794e-01,4.037938857658636138e-01,4.117314915670260422e-01,4.196485240709326714e-01,4.275348623820403038e-01,4.353823214906349381e-01,4.431842897149627092e-01,4.509354409390335938e-01,4.586315045082173247e-01,4.662690799697114530e-01
6.071515552640454061e-01,4.877519535045726773e-01,4.364292636172639739e-01,4.099190654648854348e-01,3.956920067006159947e-01,3.885230946101845273e-01,3.857874994758567766e-01,3.860048897946577462e-01,3.882713943026556702e-01,3.920021681995484730e-01,3.968016967775734871e-01,4.023930580074084329e-01,4.085768787072722175e-01,4.152063059588553262e-01,4.221711082613820443e-01,4.293872249622071591e-01,4.367896945929043984e-01,4.443277486932153408e-01,4.519613333866848714e-01,4.596585958867901445e-01,4.673940375000638081e-01,4.751471359714638520e-01,4.829013040871870110e-01,4.906430929483474035e-01,4.983615757822317249e-01,5.060478666697314498e-01,5.136947412682615344e-01,5.212963354618802558e-01,5.288479041301545891e-01,5.363456267129845800e-01
6.957590238174118369e-01,5.723788149230522038e-01,5.187135076403042167e-01,4.905703251074129412e-01,4.751052955317693893e-01,4.669484022517205180e-01,4.633961287735860468e-01,4.629208049885179532e-01,4.645879572938301783e-01,4.677918775806322316e-01,4.721222319886938523e-01,4.772912230998133110e-01,4.830912810512505429e-01,4.893692366367849989e-01,4.960098989235715017e-01,5.029252500711396401e-01,5.100471267695226851e-01,5.173221380272587933e-01,5.247080586072621067e-01,5.321712205413533514e-01,5.396845945667628763e-01,5.472263577686601321e-01,5.547788098237054211e-01,5.623275430855370072e-01,5.698608001146200364e-01,5.773689713902860898e-01,5.848441990786737987e-01,5.922800618911839843e-01,5.996713225496461686e-01,6.070137240214633634e-01
7.855728299386539604e-01,6.582124029006672927e-01,6.021759670589557079e-01,5.723657021838490788e-01,5.556279549242990612e-01,5.464491261105849373e-01,5.420474589230559470e-01,5.408480498202237197e-01,5.418858007863321946e-01,5.445340711404140777e-01,5.483676237977582746e-01,5.530877006233044790e-01,5.584784540683511711e-01,5.643803240107169161e-01,5.706730923040890247e-01,5.772647227553266980e-01,5.840837951489294966e-01,5.910742463934289814e-01,5.981916352128939796e-01,6.054004381062114692e-01,6.126720587091635251e-01,6.199833402849284081e-01,6.273154392149231651e-01,6.346529615532375823e-01,6.419832939769678504e-01,6.492960802237155438e-01,6.565828076791224710e-01,6.638364782472607750e-01,6.710513443406125322e-01,6.782226956354828751e-01
8.765392316422668806e-01,7.452044277433482744e-01,6.867704094659465852e-01,6.552597923323237872e-01,6.372148316834593818e-01,6.269800582622604423e-01,6.216960544713097114e-01,6.197408610374879334e-01,6.201187758410382500e-01,6.221821823782227590e-01,6.254908727983635730e-01,6.297350536821666456e-01,6.346905259013491118e-01,6.401912685212182152e-01,6.461119715414291864e-01,6.523565213079586256e-01,6.588501869419407520e-01,6.655341844636966098e-01,6.723618122897014882e-01,6.792956511807869413e-01,6.863055010982868076e-01,6.933668381479132226e-01,7.004596449639339806e-01,7.075675134184500337e-01,7.146769487151540812e-01,7.217768243086625235e-01,7.288579510976552767e-01,7.359127341192226446e-01,7.429348968983960910e-01,7.499192585783150955e-01
9.685996988401737173e-01,8.333020164806403951e-01,7.724461963289570576e-01,7.392029349309943154e-01,7.198166469845800330e-01,7.084919820749107089e-01,7.022925780576807497e-01,6.995496725385665915e-01,6.992370236226786995e-01,7.006860229060904999e-01,7.034414416074881160e-01,7.071823878489861270e-01,7.116762446233049211e-01,7.167504653938296943e-01,7.222745871036979626e-01,7.281483618252504453e-01,7.342936957591545966e-01,7.406490361904232156e-01,7.471653775026743105e-01,7.538033647728198394e-01,7.605311577702962289e-01,7.673228320175988770e-01,7.741571657558032893e-01,7.810167085253042485e-01,7.878870581485615254e-01,7.947562939043788521e-01,8.016145281250794952e-01,8.084535485360784257e-01,8.152665308065601968e-01,8.220478059139680882e-01
1.061691176987517471e+00,9.224479281338613390e-01,8.591484816868890650e-01,8.241414058345117866e-01,8.033801879105042509e-01,7.909318649973838822e-01,7.837839858043196273e-01,7.802213141331382218e-01,7.791871779632437711e-01,7.799919890433331116e-01,7.821654655916580046e-01,7.853755660398189509e-01,7.893811972244995090e-01,7.940032276642744469e-01,7.991059837545579914e-01,8.045850289998424110e-01,8.103588561085292019e-01,8.163630968789303832e-01,8.225463986109320391e-01,8.288674311229583536e-01,8.352926776274823828e-01,8.417947796321740839e-01,8.483512802189753232e-01,8.549436582453746603e-01,8.615565779857140560e-01,8.681773003513704179e-01,8.747952167037351678e-01,8.814014766702489290e-01,8.879886887452927979e-01,8.945506777541580856e-01
1.155746345544833353e+00,1.012580766674523680e+00,9.468184094990932387e-01,9.100176091891971630e-01,8.878484982570522543e-01,8.742430506728557926e-01,8.661137220052710362e-01,8.616992095148119368e-01,8.599125670052019110e-01,8.600432673239961634e-01,8.616059623107441556e-01,8.642574218885490378e-01,8.677480268608308567e-01,8.718920072111859820e-01,8.765484252590693970e-01,8.816086043749169487e-01,8.869875750647396861e-01,8.926181081345934132e-01,8.984464615532959941e-01,9.044292907896300804e-01,9.105313663846313910e-01,9.167238624804182612e-01,9.229830561911502862e-01,9.292893272078983635e-01,9.356263798933318609e-01,9.419806323576200846e-01,9.483407323131253230e-01,9.546971702087863054e-01,9.610419677383217341e-01,9.673684252748810941e-01
1.250693878130977987e+00,1.103635197859317296e+00,1.035393315440903184e+00,9.967702738372405946e-01,9.731610738921518955e-01,9.583654554757035093e-01,9.492219180489714914e-01,9.439235782362436211e-01,9.413534185862122428e-01,9.407800434613218243e-01,9.417030441158250609e-01,9.437679759574354454e-01,9.467166526083878875e-01,9.503566179551383719e-01,9.545416209079096159e-01,9.591586960622452418e-01,9.641193650427857254e-01,9.693534935504519723e-01,9.748049089074983797e-01,9.804282137383837359e-01,9.861864301491697349e-01,9.920492317362819001e-01,9.979915988754453071e-01,1.003992783548552481e+00,1.010035503712874316e+00,1.016105310062260791e+00,1.022190083764348500e+00,1.028279634766451567e+00,1.034365378076715913e+00,1.040440071047145754e+00
1.346458709483389082e+00,1.195542174589166784e+00,1.124806937498426862e+00,1.084334658436558740e+00,1.059254066607551836e+00,1.043235773248394338e+00,1.033045599207496945e+00,1.026831645191148557e+00,1.023447072752251330e+00,1.022139718048535650e+00,1.022394137081037435e+00,1.023844657871657127e+00,1.026224494726318159e+00,1.029334464146073991e+00,1.033022956707219109e+00,1.037172672701281551e+00,1.041691580387170690e+00,1.046506597784774506e+00,1.051559081314322075e+00,1.056801542972279906e+00,1.062195221120130872e+00,1.067708255892166669e+00,1.073314300277646183e+00,1.078991450024548993e+00,1.084721410131758601e+00,1.090488839145686839e+00,1.096280828636360560e+00,1.102086486539830767e+00,1.107896601086934663e+00,1.113703367819308898e+00
1.442962312866629793e+00,1.288229174142870415e+00,1.214989638501583924e+00,1.172642768258166601e+00,1.146060499270097344e+00,1.128787690907018026e+00,1.117518901835938161e+00,1.110357860032153532e+00,1.106128203722879455e+00,1.104057131222405674e+00,1.103614208405745645e+00,1.104422536430354151e+00,1.106206707402330736e+00,1.108760775640544649e+00,1.111927733067299862e+00,1.115585903428722991e+00,1.119639659486337147e+00,1.124012930682344313e+00,1.128644563467971373e+00,1.133484942255481354e+00,1.138493486912051988e+00,1.143636771553869780e+00,1.148887091347078782e+00,1.154221357380734059e+00,1.159620235158540957e+00,1.165067466302271537e+00,1.170549329639300140e+00,1.176054209458859745e+00,1.181572246972584228e+00,1.187095056955393302e+00
1.540122990326574737e+00,1.381620449536477668e+00,1.305868642704719473e+00,1.261623585635932132e+00,1.233510494122062040e+00,1.214952116648678748e+00,1.202573302607298888e+00,1.194434128049918220e+00,1.189329052741218806e+00,1.186464797635911950e+00,1.185296003553060418e+00,1.185434558885424705e+00,1.186596420102453253e+00,1.188568851225458411e+00,1.191189409986335601e+00,1.194332004798287272e+00,1.197897373299474655e+00,1.201806417277505368e+00,1.205995435465060606e+00,1.210412648679897618e+00,1.215015624214038858e+00,1.219769338070628706e+00,1.224644697460358422e+00,1.229617400574228636e+00,1.234667046980195249e+00,1.239776436626675249e+00,1.244931012430755324e+00,1.250118413338509704e+00,1.255328113211366947e+00,1.260551126991419135e+00
1.637856177135911473e+00,1.475637296322501069e+00,1.397368287645488483e+00,1.351203315202178068e+00,1.321531515265358836e+00,1.301657421699895734e+00,1.288137860631200393e+00,1.278990053276211958e+00,1.272979672491226122e+00,1.269293152347747089e+00,1.267370293662704039e+00,1.266811799861192078e+00,1.267324987937825220e+00,1.268690310345071959e+00,1.270739860033902824e+00,1.273343094907261275e+00,1.276397080507667869e+00,1.279819653849705752e+00,1.283544529644818022e+00,1.287517730172315300e+00,1.291694936849136166e+00,1.296039496035664929e+00,1.300520897256193242e+00,1.305113597840884987e+00,1.309796105162120305e+00,1.314550252853735390e+00,1.319360624806367177e+00,1.324214092935274145e+00,1.329099443396876357e+00,1.334007072186056853e+00
1.736074760884921409e+00,1.570198335340740714e+00,1.489410291759161620e+00,1.441305644321716706e+00,1.410048625667872368e+00,1.388829695868204261e+00,1.374139472644174242e+00,1.363953193927655017e+00,1.357008183131830581e+00,1.352470807615377080e+00,1.349766133166393711e+00,1.348483719788764468e+00,1.348322250872069805e+00,1.349055353008406843e+00,1.350509628868711065e+00,1.352550054425101012e+00,1.355069988948743642e+00,1.357984169658097429e+00,1.361223692517255834e+00,1.364732347511739219e+00,1.368463897779199634e+00,1.372380029180470640e+00,1.376448784324777685e+00,1.380643352089627296e+00,1.384941121661441343e+00,1.389322935909031553e+00,1.393772496710129261e+00,1.398275887343812141e+00,1.402821185952211058e+00,1.407398150485700938e+00
1.834689414915318562e+00,1.665219811243759063e+00,1.581914037577128118e+00,1.531852018517187108e+00,1.498984758432992059e+00,1.476393016580668016e+00,1.460503140897150720e+00,1.449249329759201510e+00,1.441341039463281737e+00,1.435924820056605711e+00,1.432411127023856423e+00,1.430378432230008379e+00,1.429516801104572465e+00,1.429593027176258246e+00,1.430428202557018524e+00,1.431882793760888006e+00,1.433846422546063204e+00,1.436230693541739711e+00,1.438964050944802064e+00,1.441988020003916127e+00,1.445254414186221137e+00,1.448723228779880356e+00,1.452361030857098889e+00,1.456139713720186801e+00,1.460035522741245373e+00,1.464028285851566080e+00,1.468100800141322271e+00,1.472238338807726699e+00,1.476428251787847978e+00,1.480659639976252384e+00
1.933608945155418146e+00,1.760615906029010969e+00,1.674796869780443398e+00,1.622761931146009307e+00,1.588261001561646957e+00,1.564269730599234576e+00,1.547152252888049917e+00,1.534802740433459656e+00,1.525903308291725491e+00,1.519580967208103317e+00,1.515231706573326953e+00,1.512422979053461347e+00,1.510836257563559659e+00,1.510231502536382164e+00,1.510424280577875367e+00,1.511270525236289242e+00,1.512656092581061262e+00,1.514489424220918146e+00,1.516696281401067603e+00,1.519215893627143377e+00,1.521998094436700422e+00,1.525001159369117953e+00,1.528190152051744466e+00,1.531535643660031143e+00,1.535012710581373785e+00,1.538600142005559945e+00,1.542279807757877652e+00,1.546036149748384769e+00,1.549855769713071929e+00,1.553727092637440022e+00
2.032740648877771505e+00,1.856299066304403222e+00,1.767974406900747697e+00,1.713953226133072771e+00,1.677796894999344701e+00,1.652380747183442855e+00,1.634008871683831243e+00,1.620536493623167207e+00,1.610618954683143311e+00,1.603364032147679197e+00,1.598153412641224680e+00,1.594543612087369722e+00,1.592207546117313743e+00,1.590898349260937206e+00,1.590426053097644843e+00,1.590642038837269512e+00,1.591428371875961645e+00,1.592690302861419882e+00,1.594350880866094666e+00,1.596347010208203354e+00,1.598626515489258271e+00,1.601145924336048187e+00,1.603868769847151432e+00,1.606764275194597413e+00,1.609806323167418896e+00,1.612972640871885410e+00,1.616244148776742051e+00,1.619604436623540034e+00,1.623039338224911532e+00,1.626536584036778255e+00
2.131990683455169844e+00,1.952180342586300688e+00,1.861360865054062952e+00,1.805342412175985123e+00,1.767510738391532499e+00,1.740645841118522386e+00,1.720994035239560294e+00,1.706372741242114355e+00,1.695411135489762522e+00,1.687198094552352146e+00,1.681101184273791072e+00,1.676666079605351189e+00,1.673557183853906505e+00,1.671520820093636894e+00,1.670361480860459213e+00,1.669925979892518342e+00,1.670092570237919682e+00,1.670763286258172720e+00,1.671858437721409407e+00,1.673312576000296481e+00,1.675071489127468727e+00,1.677089929782138888e+00,1.679329874385591115e+00,1.681759173011166952e+00,1.684350490893466556e+00,1.687080470270837296e+00,1.689929060640085412e+00,1.692878979102584225e+00,1.695915272180203992e+00,1.699024957488292964e+00
2.231264442829457018e+00,2.048169738572333642e+00,1.954869391752106278e+00,1.896844986516090570e+00,1.857319907663621095e+00,1.828983963736025009e+00,1.808028062846454453e+00,1.792233021938790083e+00,1.780202498285007540e+00,1.771006826330630446e+00,1.763999651232552424e+00,1.758715915791541295e+00,1.754811565582936606e+00,1.752026133928470841e+00,1.750158575866546329e+00,1.749051126862235073e+00,1.748578209361498992e+00,1.748638618849945647e+00,1.749149900872726704e+00,1.750044227908270633e+00,1.751265325281835539e+00,1.752766144935789194e+00,1.754507081513312361e+00,1.756454587782426691e+00,1.758580088227059690e+00,1.760859118087946484e+00,1.763270634842928564e+00,1.765796462978483916e+00,1.768420842795837666e+00,1.771130061146535040e+00
2.330466939123841730e+00,2.144176568041568309e+00,2.048412407557074211e+00,1.988375766104320874e+00,1.947141178293396058e+00,1.917313559820740698e+00,1.895030866622331667e+00,1.878038567782848833e+00,1.864915483652580974e+00,1.854713789790078726e+00,1.846773428230813252e+00,1.840618731179493928e+00,1.835897250571782546e+00,1.832341758911935958e+00,1.829745680891037507e+00,1.827946667311777684e+00,1.826815295287047336e+00,1.826247101686727436e+00,1.826156845247050020e+00,1.826474295533897063e+00,1.827141090640472143e+00,1.828108357345130219e+00,1.829334884572129560e+00,1.830785704573831829e+00,1.832430978749815420e+00,1.834245113966014529e+00,1.836206055295502626e+00,1.838294715220161191e+00,1.840494509411659596e+00,1.842790976501315736e+00
2.429503186618656052e+00,2.240109816808326659e+00,2.141901953126404745e+00,2.079849223783980072e+00,2.036891052950518421e+00,2.005552888119045196e+00,1.981922265793468085e+00,1.963710612923801335e+00,1.949472628637944460e+00,1.938242736176721603e+00,1.929347408776085571e+00,1.922300501958536856e+00,1.916741247439480045e+00,1.912395693022039378e+00,1.909051745827412105e+00,1.906542470085929031e+00,1.904734586463014523e+00,1.903520356430836280e+00,1.902811731778675908e+00,1.902536057189710528e+00,1.902632860731489739e+00,1.903051421068140847e+00,1.903748898735472928e+00,1.904688883363144569e+00,1.905840251897659821e+00,1.907176262303046155e+00,1.908673827615824159e+00,1.910312929596667875e+00,1.912076141483249669e+00,1.913948236776159106e+00
2.528278585168550308e+00,2.335878506990663794e+00,2.235250039031630109e+00,2.171179826960257131e+00,2.126486091038072068e+00,2.093620343037336795e+00,2.068622301403738817e+00,2.049170701901386948e+00,2.033796869083139836e+00,2.021517902347709228e+00,2.011647056419906932e+00,2.003687855988967925e+00,1.997271295089655396e+00,1.992116740045725587e+00,1.988006598817698922e+00,1.984769351686646033e+00,1.982267855456020911e+00,1.980391082476640197e+00,1.979048160010333124e+00,1.978163988049032262e+00,1.977675963686112759e+00,1.977531496110546794e+00,1.977686096180733877e+00,1.978101890005312891e+00,1.978746449775004912e+00,1.979591864971415927e+00,1.980613997808601034e+00,1.981791881369780128e+00,1.983107229341448452e+00,1.984544033807338570e+00
2.626699300062369069e+00,2.431392060747857187e+00,2.328368995628181004e+00,2.262282376126826033e+00,2.215843237582682868e+00,2.181434775042896401e+00,2.155051549022933610e+00,2.134340995235225691e+00,2.117811838525919477e+00,2.104464303310070505e+00,2.093598691198776951e+00,2.084708353360106958e+00,2.077416137566360455e+00,2.071434778888132655e+00,2.066541210152127217e+00,2.062559334886002738e+00,2.059348142389198610e+00,2.056793305317999199e+00,2.054801111486766363e+00,2.053293998657439445e+00,2.052207213955418830e+00,2.051486277431607164e+00,2.051085030464856906e+00,2.050964116056009257e+00,2.051089782502129477e+00,2.051432932262970077e+00,2.051968358880152721e+00,2.052674129649180834e+00,2.053531082356718329e+00,2.054522412084932803e+00
2.724672635311665925e+00,2.526560660591096852e+00,2.421171820198925850e+00,2.353072340571553234e+00,2.304880148880600554e+00,2.268915807251036920e+00,2.241131427008803634e+00,2.219144569915114218e+00,2.201442161348697191e+00,2.187008018373292284e+00,2.175129769074757302e+00,2.165290759359408845e+00,2.157105790759777708e+00,2.150281024198509972e+00,2.144587946980192061e+00,2.139845897672705721e+00,2.135909998262872644e+00,2.132662614372463850e+00,2.130007182204128657e+00,2.127863662122602584e+00,2.126165134350454178e+00,2.124855211939663757e+00,2.123886048576406615e+00,2.123216785977694698e+00,2.122812330669477721e+00,2.122642380682876695e+00,2.122680644060435107e+00,2.122904206128811033e+00,2.123293013273669594e+00,2.123829448767188488e+00
2.822107397396082185e+00,2.621295603375139116e+00,2.513572518591159710e+00,2.443466188583677479e+00,2.393515512315021798e+00,2.355984145699471011e+00,2.326784497904165416e+00,2.303505712449902987e+00,2.284613737908927966e+00,2.269076468718745687e+00,2.256169152248273413e+00,2.245365307793081300e+00,2.236271798968651581e+00,2.228588276384825928e+00,2.222080816969032924e+00,2.216564210730783913e+00,2.211889716417729357e+00,2.207936388582790954e+00,2.204604802495006677e+00,2.201812428420515388e+00,2.199490164900849365e+00,2.197579702028601645e+00,2.196031489270206194e+00,2.194803150388168866e+00,2.193858233611656772e+00,2.193165216356766756e+00,2.192696705447463756e+00,2.192428789069404971e+00,2.192340507629431556e+00,2.192413418629575173e+00
2.918914246589518591e+00,2.715509645133319605e+00,2.605486438612137245e+00,2.533381709531573378e+00,2.481669357812361199e+00,2.442561880870710578e+00,2.411934760618487772e+00,2.387350202209250316e+00,2.367254019467073256e+00,2.350598684281337114e+00,2.336647368315405870e+00,2.324863952705346737e+00,2.314847479439551936e+00,2.306291159208272656e+00,2.298955699169800582e+00,2.292651361778915486e+00,2.287225550535141316e+00,2.282554008255123446e+00,2.278534442871618992e+00,2.275081824402358066e+00,2.272124857176458956e+00,2.269603294358596202e+00,2.267465866445409262e+00,2.265668664168601243e+00,2.264173862372948598e+00,2.262948702976487425e+00,2.261964677051687023e+00,2.261196861555749393e+00,2.260623377334225914e+00,2.260224943075421766e+00
3.015006033135323449e+00,2.809117334020418966e+00,2.696830592539066096e+00,2.622738325270396409e+00,2.569263358499049854e+00,2.528572778122925246e+00,2.496507931149479553e+00,2.470605582905424313e+00,2.449292270847746700e+00,2.431505557964507513e+00,2.416496856373686164e+00,2.403720606680732175e+00,2.392768153145380161e+00,2.383326343295918193e+00,2.375150560503909603e+00,2.368046565253930424e+00,2.361857917727849365e+00,2.356457051754788701e+00,2.351738804514027503e+00,2.347615638252951165e+00,2.344014052885322386e+00,2.340871852755109117e+00,2.338136036499982140e+00,2.335761148421422462e+00,2.333707976410520857e+00,2.331942513384996474e+00,2.330435121393680920e+00,2.329159853233431221e+00,2.328093897668833900e+00,2.327217122511503256e+00
3.110298115726667589e+00,2.902035328773534761e+00,2.787523966232102524e+00,2.711457388468890173e+00,2.656221118252352742e+00,2.613942554825460896e+00,2.580431709740721224e+00,2.553201420207782402e+00,2.530659818920080184e+00,2.511730085364908938e+00,2.495652198339998407e+00,2.481871364077432141e+00,2.469971360232871671e+00,2.459632754080331996e+00,2.450605656454598602e+00,2.442691355998068303e+00,2.435729585452428125e+00,2.429589475860715719e+00,2.424162993271810507e+00,2.419360087334567755e+00,2.415105045745053580e+00,2.411333714284614960e+00,2.407991348779526142e+00,2.405030935453672747e+00,2.402411863266861847e+00,2.400098864086032791e+00,2.398061158993301412e+00,2.396271764914117863e+00,2.394706927137410180e+00,2.393345651574837696e+00
3.204708659974071505e+00,2.994182700285996646e+00,2.877487812509372578e+00,2.799462465610682571e+00,2.742468444004683370e+00,2.698599142163223163e+00,2.663636032542320731e+00,2.635069543656799240e+00,2.611290285160808189e+00,2.591207588363622527e+00,2.574050333927567102e+00,2.559254707725677314e+00,2.546397058756902254e+00,2.535151762864933378e+00,2.525263714740645149e+00,2.516529765802203666e+00,2.508785841168475805e+00,2.501897778773665593e+00,2.495754676242143866e+00,2.490263968544511819e+00,2.485347725819244236e+00,2.480939827759649940e+00,2.476983778432034544e+00,2.473430996154295514e+00,2.470239460634882533e+00,2.467372632155213630e+00,2.464798580278286355e+00,2.462489275626967178e+00,2.460420009801143060e+00,2.458568916882541977e+00
3.298158914800028096e+00,3.085481214108245496e+00,2.966645926646655163e+00,2.886679602623053675e+00,2.827933600856683771e+00,2.782472929770055003e+00,2.746053306038541919e+00,2.716144271242889374e+00,2.691119800763511982e+00,2.669875921142121022e+00,2.651630757931572102e+00,2.635811697828543743e+00,2.621987805523632087e+00,2.609827359918462264e+00,2.599070100953877027e+00,2.589508481861952927e+00,2.580974643873837238e+00,2.573331144977167639e+00,2.566464220190222800e+00,2.560278790516838043e+00,2.554694705711284097e+00,2.549643874125305576e+00,2.545068041178072615e+00,2.540917049330221111e+00,2.537147460433792467e+00,2.533721454221874669e+00,2.530605939630987677e+00,2.527771831882379416e+00,2.525193459904785609e+00,2.522848077160873004e+00
3.390573464984170560e+00,3.175855591937352784e+00,3.054924902096245010e+00,2.973037571310443106e+00,2.912547548275089770e+00,2.865496991570337215e+00,2.827618622724757280e+00,2.796362615233410676e+00,2.770087202975360707e+00,2.747675657398852334e+00,2.728335698690203870e+00,2.711486142019421841e+00,2.696688918080541786e+00,2.683606308717031208e+00,2.671972965356051333e+00,2.661576986416128499e+00,2.652246756856162069e+00,2.643841571359424769e+00,2.636244811285325618e+00,2.629358887203954609e+00,2.623101428211199959e+00,2.617402368380140842e+00,2.612201689704497287e+00,2.607447652762117762e+00,2.603095394707301224e+00,2.599105807381841160e+00,2.595444631480094966e+00,2.592081719099752934e+00,2.588990428790676646e+00,2.586147125789322487e+00
3.481880458385525401e+00,3.265233750427696258e+00,3.142254364774346165e+00,3.058468095016137589e+00,2.996244155892325622e+00,2.947607291445579758e+00,2.908269956751143859e+00,2.875664468064196733e+00,2.848134211573832619e+00,2.824550257771660799e+00,2.804110276815482194e+00,2.786224745755801813e+00,2.770448617114737111e+00,2.756438280673258134e+00,2.743923370249247373e+00,2.732687677053045938e+00,2.722555861214496886e+00,2.713383974214977457e+00,2.705052555833605599e+00,2.697461512578612108e+00,2.690526255192816407e+00,2.684174742883121745e+00,2.678345191585142171e+00,2.672984275932863696e+00,2.668045703344596120e+00,2.663489072086909548e+00,2.659278948526420550e+00,2.655384115329733952e+00,2.651776954270387954e+00,2.648432935967821145e+00
3.572011806684089574e+00,3.353547015943281639e+00,3.228567184538456036e+00,3.142906052197957045e+00,3.078960397680554628e+00,3.028742867593569699e+00,2.987948338497220746e+00,2.953992767355103410e+00,2.925205584635600875e+00,2.900446216707593283e+00,2.878902643521102256e+00,2.859977242458683122e+00,2.843218148747093554e+00,2.828275969914739285e+00,2.814875397553198599e+00,2.802795967385844467e+00,2.791858649916529878e+00,2.781916276953147804e+00,2.772846561893007156e+00,2.764546916397328857e+00,2.756930537755233779e+00,2.749923412090976793e+00,2.743461988820881992e+00,2.737491354566826018e+00,2.731963783805684720e+00,2.726837577234042520e+00,2.722076122365250317e+00,2.717647127571025223e+00,2.713521992789833970e+00,2.709675288876943533e+00
3.660903358806345320e+00,3.440730314171500215e+00,3.313799662760250175e+00,3.226289656877224132e+00,3.160636523538510545e+00,3.108845994706824101e+00,3.066598007294946804e+00,3.031293639357481862e+00,3.001249252993370309e+00,2.975313188260569230e+00,2.952664098108938706e+00,2.932696503036649638e+00,2.914951886435029227e+00,2.899075187894665451e+00,2.884786236438872997e+00,2.871860368009269138e+00,2.860114902363869227e+00,2.849399478542457231e+00,2.839589001853389583e+00,2.830578401159396407e+00,2.822278667791193740e+00,2.814613818954452285e+00,2.807518539271043334e+00,2.800936327293183314e+00,2.794818023203450075e+00,2.789120627843710842e+00,2.783806346929818432e+00,2.778841811139667328e+00,2.774197434877349266e+00,2.769846885350568222e+00
3.748495046521850504e+00,3.526722333822839950e+00,3.397891695189627193e+00,3.308560615199486410e+00,3.241216207599643795e+00,3.187862323359619054e+00,3.144166541773705692e+00,3.107516520390721126e+00,3.076216433019531848e+00,3.049104090534547673e+00,3.025349184407155168e+00,3.004338624659286694e+00,2.985607412416671380e+00,2.968794937831926717e+00,2.953616251076740085e+00,2.939842547854109256e+00,2.927287539636072466e+00,2.915797702913251577e+00,2.905245156252741712e+00,2.895522360578251408e+00,2.886538111342447532e+00,2.878214463374445309e+00,2.870484340415775826e+00,2.863289654909268123e+00,2.856579813252738020e+00,2.850310515870085215e+00,2.844442785329125645e+00,2.838942172692768828e+00,2.833778104503835493e+00,2.828923341715671391e+00
3.834731002015084655e+00,3.611465663945320870e+00,3.480786909596480516e+00,3.389664257625035759e+00,3.320646672839962399e+00,3.265740996254018480e+00,3.220604967553590825e+00,3.182614256070489311e+00,3.150061717613783507e+00,3.121775188721114702e+00,3.096915766177443352e+00,3.074862998862633034e+00,3.055145578840751330e+00,3.037397469183250820e+00,3.021329028757107515e+00,3.006707376248316077e+00,2.993342660771064700e+00,2.981078229721846995e+00,2.969783439275700321e+00,2.959348300051743763e+00,2.949679424266471894e+00,2.940696913277907054e+00,2.932331936042499088e+00,2.924524822868321383e+00,2.917223548740132344e+00,2.910382514824134681e+00,2.903961560786889606e+00,2.897925157637515348e+00,2.892241743108314278e+00,2.886883170573605994e+00
3.919559647542970815e+00,3.694906904681246829e+00,3.562432777963425945e+00,3.469549646542489540e+00,3.398878791828821466e+00,3.342434741230605688e+00,3.295867842259807112e+00,3.256543178369246672e+00,3.222743145501674178e+00,3.193286156902423567e+00,3.167325081723287195e+00,3.144232359276298627e+00,3.123530548926408912e+00,3.104848312542768163e+00,3.087891408826075601e+00,3.072422946173413383e+00,3.058249560612713136e+00,3.045211507046365007e+00,3.033175406541350316e+00,3.022028839772601838e+00,3.011676250887896700e+00,3.002035799016674833e+00,2.993036906587442481e+00,2.984618327748495670e+00,2.976726610295287401e+00,2.969314859012892160e+00,2.962341732505579195e+00,2.955770622768678191e+00,2.949568979149917780e+00,2.943707747400402752e+00
4.002933757578903240e+00,3.776996751581906508e+00,3.642780703280060539e+00,3.548169659364958761e+00,3.475867163721416020e+00,3.417899941195020830e+00,3.369913318066679597e+00,3.329263160776055663e+00,3.294222249168663019e+00,3.263600118999544719e+00,3.236541778132135949e+00,3.212412809455063911e+00,3.190729818682517926e+00,3.171116295542531827e+00,3.153273493051499621e+00,3.136960579368694546e+00,3.121980729913463204e+00,3.108171146735049462e+00,3.095395745931559528e+00,3.083539701258577459e+00,3.072505306440155515e+00,3.062208791918838990e+00,3.052577843984058070e+00,3.043549648575349487e+00,3.035069332354877858e+00,3.027088708303134368e+00,3.019565257379615897e+00,3.012461295073106449e+00,3.005743284137960991e+00,2.999381263929691066e+00
4.084810494114754498e+00,3.857690053868880309e+00,3.721786081253343426e+00,3.625481047421424741e+00,3.551570167834016800e+00,3.492096681343137554e+00,3.442703182201453771e+00,3.400737652034730552e+00,3.364464081956981101e+00,3.332683669440033025e+00,3.304533925769496339e+00,3.279373831474525325e+00,3.256714219885021855e+00,3.236173540488587186e+00,3.217448638187090371e+00,3.200294814082297989e+00,3.184511838519638705e+00,3.169933903260866437e+00,3.156422252337682810e+00,3.143859678202070462e+00,3.132146344217256129e+00,3.121196567930834664e+00,3.110936311973074186e+00,3.101301203967619990e+00,3.092234957302502529e+00,3.083688099405057947e+00,3.075616938564213143e+00,3.067982717717416818e+00,3.060750916164939106e+00,3.053890669350673548e+00
4.165151416039654997e+00,3.936945847284867295e+00,3.799408337495432164e+00,3.701444471192525398e+00,3.625949994368766305e+00,3.564988774282831674e+00,3.514202876042810342e+00,3.470933689134118705e+00,3.433437225037776486e+00,3.400506874294536352e+00,3.371273013810133001e+00,3.345088276109095649e+00,3.321457905161298907e+00,3.299995444609977735e+00,3.280393431638023660e+00,3.262403376396243893e+00,3.245821702588093771e+00,3.230479637050606367e+00,3.216235787311502392e+00,3.202970592640935088e+00,3.190582108451529120e+00,3.178982757378669088e+00,3.168096792913769555e+00,3.157858296155628075e+00,3.148209576842398327e+00,3.139099884741102464e+00,3.130484361971250351e+00,3.122323184295490606e+00,3.114580852023303592e+00,3.107225600405380206e+00
4.243922463735459338e+00,4.014727362408929245e+00,3.875610940976642826e+00,3.776024512656701582e+00,3.698972653061120219e+00,3.636543763845996757e+00,3.584381493634338334e+00,3.539821890399594828e+00,3.501113775136621253e+00,3.467043253788583357e+00,3.436733927739020977e+00,3.409532335549656512e+00,3.384938316161473892e+00,3.362560643921158832e+00,3.342087651247101832e+00,3.323267136161104141e+00,3.305892236884628854e+00,3.289791263351951045e+00,3.274820224695219828e+00,3.260857237535146780e+00,3.247798274010443631e+00,3.235553881948499022e+00,3.224046622202502377e+00,3.213209042983056651e+00,3.202982061721360463e+00,3.193313660017008004e+00,3.184157821811042233e+00,3.175473662455566171e+00,3.167224709025991292e+00,3.159378301504630393e+00
4.321093920221898088e+00,4.091002009518524218e+00,3.950361394734591247e+00,3.849189665707448693e+00,3.770607960707775153e+00,3.706732908558850959e+00,3.653211760597409707e+00,3.607376429689138853e+00,3.567469314035258243e+00,3.532269747231342460e+00,3.500894909881616002e+00,3.472685499736671844e+00,3.447136135907129528e+00,3.423850961801255366e+00,3.402514210316193388e+00,3.382870048664751383e+00,3.364708393296810041e+00,3.347854687777859439e+00,3.332162383375254500e+00,3.317507306898203723e+00,3.303783374064323652e+00,3.290899280040240349e+00,3.278775911453076120e+00,3.267344299046649247e+00,3.256543980952537165e+00,3.246321681647093449e+00,3.236630236329594457e+00,3.227427708053499877e+00,3.218676657673624320e+00,3.210343536001459608e+00
4.396640350347967185e+00,4.165741341261714581e+00,4.023631205009199796e+00,3.920912305773278206e+00,3.840829508694391770e+00,3.775531145890184348e+00,3.720669994569654637e+00,3.673574992829521157e+00,3.632482860995295049e+00,3.596166661517145702e+00,3.563737504128520861e+00,3.534530497482098355e+00,3.508035226497754344e+00,3.483851343476188855e+00,3.461659089053384708e+00,3.441199083228725364e+00,3.422258086756661211e+00,3.404658729724538535e+00,3.388251948355857301e+00,3.372911314678014971e+00,3.358528716917562384e+00,3.345011021683841790e+00,3.332277461624820969e+00,3.320257567155261214e+00,3.308889511717431731e+00,3.298118775204463837e+00,3.287897054905896788e+00,3.278181370990067123e+00,3.268933326319202415e+00,3.260118489765340577e+00
4.470540519659714995e+00,4.238920994556101718e+00,4.095395830125536207e+00,3.991168639917697103e+00,3.909614611779459903e+00,3.842917038524984452e+00,3.786736048413649414e+00,3.738398717537395832e+00,3.696136809350110131e+00,3.658717604447653926e+00,3.625246486103725019e+00,3.595053223629842254e+00,3.567622553424413034e+00,3.542549777651976317e+00,3.519511253692040320e+00,3.498244139975411393e+00,3.478532109812504824e+00,3.460195034897558752e+00,3.443081381381587036e+00,3.427062503610127653e+00,3.412028293219358410e+00,3.397883814226806187e+00,3.384546667299006106e+00,3.371944901300440556e+00,3.360015341129455102e+00,3.348702236070203675e+00,3.337956157673714674e+00,3.327733093886920734e+00,3.317993698974733618e+00,3.308702668191286111e+00
4.542777294678009170e+00,4.310520613256165312e+00,4.165634610572254815e+00,4.059938638816673162e+00,3.976944239503049872e+00,3.908872704014653365e+00,3.851393237535583491e+00,3.801832118156751150e+00,3.758416848589549719e+00,3.719909404193020297e+00,3.685409780088541254e+00,3.654242653560404896e+00,3.625888097789307984e+00,3.599937206590361427e+00,3.576062564564819191e+00,3.553997956040384043e+00,3.533524037115074012e+00,3.514457978201459110e+00,3.496645822353755761e+00,3.479956745277750230e+00,3.464278674777325318e+00,3.449514900004886364e+00,3.435581413303798293e+00,3.422404802326758588e+00,3.409920561034993636e+00,3.398071723445146297e+00,3.386807748818888353e+00,3.376083604739474886e+00,3.365859007385274548e+00,3.356097787756429085e+00
4.613337526394040822e+00,4.380523753227539174e+00,4.234330681822086717e+00,4.127205952105299502e+00,4.042802931676559020e+00,3.973383729234780226e+00,3.914628252725456115e+00,3.863862996608074862e+00,3.819311873318456119e+00,3.779732016259603977e+00,3.744218364055725168e+00,3.712090746381190520e+00,3.682824757759636025e+00,3.656007425941909084e+00,3.631307674434246291e+00,3.608456002517731687e+00,3.587230121091698809e+00,3.567444558252382159e+00,3.548942982785938227e+00,3.531592432608945398e+00,3.515278906189587271e+00,3.499903947196660425e+00,3.485381964873432992e+00,3.471638107472469592e+00,3.458606557007479765e+00,3.446229148864522251e+00,3.434454244677318524e+00,3.423235804656789227e+00,3.412532618465374590e+00,3.402307663204014787e+00
4.682211918836084230e+00,4.448917771535974452e+00,4.301470871513190630e+00,4.192957808654372620e+00,4.107178699472745720e+00,4.036439071137732704e+00,3.976431059979593563e+00,3.924482340986915396e+00,3.878813880505502354e+00,3.838178419360790183e+00,3.801666164191103370e+00,3.768592338161016020e+00,3.738428240595726315e+00,3.710756975658108470e+00,3.685243918383097839e+00,3.661616373423373538e+00,3.639649180075307022e+00,3.619154284762324369e+00,3.599973032528936301e+00,3.581970366023379260e+00,3.565030390489696721e+00,3.549052935038374823e+00,3.533950852500185036e+00,3.519647874921402408e+00,3.506076892657754129e+00,3.493178560321388737e+00,3.480900157722244259e+00,3.469194651759959669e+00,3.458019918152493766e+00,3.447338091392671444e+00
4.749394884580263820e+00,4.515693701501626300e+00,4.367045582657159919e+00,4.257184903382233543e+00,4.170062913675122829e+00,4.098030945321317731e+00,4.036794788794115796e+00,3.983684213271129870e+00,3.936917856454518194e+00,3.895244501597415088e+00,3.857749940284606716e+00,3.823745026566855110e+00,3.792696946588174356e+00,3.764185023294409405e+00,3.737871196554027442e+00,3.713479667943634155e+00,3.690782480133726562e+00,3.669589060018897175e+00,3.649738480967901211e+00,3.631093634410297533e+00,3.613536769965384199e+00,3.596966034539673451e+00,3.581292752599611440e+00,3.566439264466683579e+00,3.552337190341812168e+00,3.538926023060625869e+00,3.526151977483655831e+00,3.513967042263152152e+00,3.502328192683153762e+00,3.491196732798594660e+00
4.814884389072371818e+00,4.580846115386960626e+00,4.431048664562045047e+00,4.319881272228520253e+00,4.231450181663297450e+00,4.158154703947404940e+00,4.095715610425406439e+00,4.041465627598308963e+00,3.993621654927562048e+00,3.950928938346560226e+00,3.912469163360223767e+00,3.877549048244142149e+00,3.845631846218016570e+00,3.816293240991584401e+00,3.789191850999891642e+00,3.764048867205201265e+00,3.740633611810576298e+00,3.718753055647638028e+00,3.698244053854810698e+00,3.678967492077648060e+00,3.660803803268168011e+00,3.643649485794827836e+00,3.627414365061752299e+00,3.612019415337471173e+00,3.597395009295972557e+00,3.583479498052907886e+00,3.570218049388955706e+00,3.557561689706583152e+00,3.545466508241669423e+00,3.533892991601427891e+00
4.878681785599818355e+00,4.644372976481233373e+00,4.493477273159085073e+00,4.381044156916503951e+00,4.291338214708002141e+00,4.216808704537697849e+00,4.153192607602644415e+00,4.097826420559585792e+00,4.048925867829483494e+00,4.005233063233860413e+00,3.965825886887013763e+00,3.930007150251024761e+00,3.897236351819627131e+00,3.867085677385503573e+00,3.839210537866096118e+00,3.813329206759831447e+00,3.789208362943934816e+00,3.766652585796585129e+00,3.745496566890250456e+00,3.725599232761128032e+00,3.706839239878156000e+00,3.689111472929906821e+00,3.672324288705356654e+00,3.656397322183027043e+00,3.641259722171637847e+00,3.626848719099102780e+00,3.613108452454195429e+00,3.599989003250060993e+00,3.587445589869886486e+00,3.575437895222612461e+00
4.940791642704501108e+00,4.706275482317980874e+00,4.554331722401388838e+00,4.440673861110695952e+00,4.349727687127812104e+00,4.273994171149212207e+00,4.209227637149535184e+00,4.152769114924607763e+00,4.102833689828925934e+00,4.058160733526513297e+00,4.017824612872292533e+00,3.981124456813129431e+00,3.947516184979751763e+00,3.916568625646640989e+00,3.887934096075345458e+00,3.861328045924274477e+00,3.836514588674284632e+00,3.813295977826519412e+00,3.791504797110675895e+00,3.770998061722944605e+00,3.751652692928087784e+00,3.733361997664994547e+00,3.716032895590080543e+00,3.699583710145486481e+00,3.683942390878048645e+00,3.669045069451248420e+00,3.654834876690333356e+00,3.641260965870486643e+00,3.628277700460819766e+00,3.615843974119035131e+00
5.001221565761832188e+00,4.766557900716551721e+00,4.613615328364017998e+00,4.498773599539006796e+00,4.406622088821098515e+00,4.329715049391567483e+00,4.263825186929516953e+00,4.206298778167136376e+00,4.155350778242894449e+00,4.109718191233918461e+00,4.068472154085624126e+00,4.030908332610835032e+00,3.996479240849483361e+00,3.964750488792430971e+00,3.935371413625445403e+00,3.908054735054743656e+00,3.882562079690862866e+00,3.858693441526860113e+00,3.836279353072927556e+00,3.815174966904760545e+00,3.795255511324769238e+00,3.776412752404068041e+00,3.758552205074462194e+00,3.741590909885183613e+00,3.725455642573681558e+00,3.710081458768197393e+00,3.695410501020738980e+00,3.681391013238271448e+00,3.667976520590505274e+00,3.655125142566338248e+00
5.059982014370531189e+00,4.825227400277123380e+00,4.671334247619905788e+00,4.555349341595683832e+00,4.462027572633703087e+00,4.383977856694061259e+00,4.316992228473024440e+00,4.258422877103280157e+00,4.206485109452838600e+00,4.159913921142075033e+00,4.117777493599914074e+00,4.079368243747334866e+00,4.044135450481125105e+00,4.011641643349524777e+00,3.981533292543740110e+00,3.953520481767405226e+00,3.927362429696976687e+00,3.902856937807996474e+00,3.879832544758144763e+00,3.858142590029351560e+00,3.837660652035728148e+00,3.818276993694617261e+00,3.799895758436932169e+00,3.782432733351719367e+00,3.765813546576220361e+00,3.749972201153372708e+00,3.734849872435635820e+00,3.720393913977327216e+00,3.706557029872348252e+00,3.693296581096379150e+00
5.117086117105046128e+00,4.882293876882802586e+00,4.727497311397101498e+00,4.610409650874942145e+00,4.515952797957069720e+00,4.436791529164504588e+00,4.368738066578703005e+00,4.309151129886792830e+00,4.256246833051694267e+00,4.208758506938429456e+00,4.165751642765611606e+00,4.126515617474708186e+00,4.090496642230140978e+00,4.057254302370782106e+00,4.026432313469167745e+00,3.997738217043398379e+00,3.970928903001674115e+00,3.945800047747580752e+00,3.922178254043859891e+00,3.899915098472126918e+00,3.878882553335658123e+00,3.858969416825973830e+00,3.840078494804125775e+00,3.822124351021313871e+00,3.805031492888701017e+00,3.788732894950125996e+00,3.773168787037579186e+00,3.758285651942066430e+00,3.744035390447434608e+00,3.730374621183011552e+00
5.172549485079890985e+00,4.937769777675238281e+00,4.782115856942414922e+00,4.663965522007796238e+00,4.568408771875594354e+00,4.488167266306168912e+00,4.419074187104854445e+00,4.358495356530083242e+00,4.304648124845248169e+00,4.256264486507537192e+00,4.212407498657531946e+00,4.172363701678611037e+00,4.135576403185702077e+00,4.101602378735118570e+00,4.070082700756258554e+00,4.040722462080402977e+00,4.013276303068842310e+00,3.987537842792204579e+00,3.963331806517298439e+00,3.940508058648305223e+00,3.918937009732306187e+00,3.898506032260882215e+00,3.879116629056916565e+00,3.860682171247555416e+00,3.843126072966597917e+00,3.826380304897880613e+00,3.810384173560446452e+00,3.795083311073879528e+00,3.780428833153998802e+00,3.766376632700782601e+00
5.226390025665506478e+00,4.991669923873907067e+00,4.835203557426740240e+00,4.716030216088392457e+00,4.619408689097554976e+00,4.538118374776062502e+00,4.468014104084907956e+00,4.406469329037563831e+00,4.351703039749581059e+00,4.302446207396648958e+00,4.257759701952806175e+00,4.216927425041542499e+00,4.179389941513130147e+00,4.144701349578569172e+00,4.112500188916129673e+00,4.082489196674036869e+00,4.054420842776703005e+00,4.028086756838457738e+00,4.003309845326169736e+00,3.979938311585460742e+00,3.957841049216065610e+00,3.936904044520192603e+00,3.917027532310602300e+00,3.898123722299586813e+00,3.880114963278302742e+00,3.862932247180830281e+00,3.846513979873705580e+00,3.830804963329694335e+00,3.815755546850154722e+00,3.801320914612852597e+00
5.278627757580455437e+00,5.044011333705932465e+00,4.886776251630626788e+00,4.766619095883057433e+00,4.668967771813399281e+00,4.586660112278676316e+00,4.515573207212986162e+00,4.453088622151268439e+00,4.397427365540563571e+00,4.347319683365386211e+00,4.301824496114515561e+00,4.260223258721534734e+00,4.221953950509245601e+00,4.186568122623534727e+00,4.153701891129026436e+00,4.123055729832771910e+00,4.094380017061961752e+00,4.067464460839555151e+00,4.042130207686313703e+00,4.018223851275246616e+00,3.995612813402627417e+00,3.974181734066591698e+00,3.953829615492808092e+00,3.934467537589779074e+00,3.916016812140451719e+00,3.898407477830871048e+00,3.881577062914739251e+00,3.865469560107151814e+00,3.850034571296960806e+00,3.835226589278389220e+00
5.329284628467258145e+00,5.094813046605536577e+00,4.936851774546738625e+00,4.815749461917429031e+00,4.717103110530081800e+00,4.633809532596572467e+00,4.561768610654556078e+00,4.498370465619175640e+00,4.441838478323300698e+00,4.390902452846979998e+00,4.344619588669986321e+00,4.302269080298814607e+00,4.263286475088580829e+00,4.227220905091314762e+00,4.193706170482355944e+00,4.162440573250659526e+00,4.133172478544692829e+00,4.105689740506755392e+00,4.079811804589877688e+00,4.055383706323516080e+00,4.032271441064603223e+00,4.010358342661088926e+00,3.989542216471499536e+00,3.969733044522961940e+00,3.950851130240740527e+00,3.932825584878758107e+00,3.915593082425340654e+00,3.899096827525430520e+00,3.883285693944404038e+00,3.868113500706258812e+00
5.378384335940793015e+00,5.144095949731667616e+00,4.985449789931147180e+00,4.863440390436377214e+00,4.763833506832641618e+00,4.679585332664127684e+00,4.606619004044370413e+00,4.542333598805837092e+00,4.484955200500396089e+00,4.433213440061149591e+00,4.386164015287140394e+00,4.343084040658947487e+00,4.303406781335938902e+00,4.266679075802090715e+00,4.232532514508607235e+00,4.200663318184052919e+00,4.170817916653373203e+00,4.142782377599521837e+00,4.116374504183706762e+00,4.091437825345527912e+00,4.067836955476872518e+00,4.045453962596025299e+00,4.024185491116963220e+00,4.003940457332015868e+00,3.984638185194797622e+00,3.966206884582692993e+00,3.948582398804925120e+00,3.931707165858311370e+00,3.915529350901652439e+00,3.900002117021744930e+00
5.425952152980482168e+00,5.191882607740896383e+00,5.032591625729148532e+00,4.909712574129273754e+00,4.809179318925415281e+00,4.724007702494880334e+00,4.650144506440552661e+00,4.584998128373875659e+00,4.526797661929039762e+00,4.474272819431997839e+00,4.426478007267375503e+00,4.382688434397957522e+00,4.342335229679537001e+00,4.304963060987009982e+00,4.270201413519840727e+00,4.237744516202471168e+00,4.207336940695009631e+00,4.178763035225494527e+00,4.151839019216387427e+00,4.126406966483078698e+00,4.102330155931972477e+00,4.079489430141480355e+00,4.057780308616019127e+00,4.037110674200379279e+00,4.017398900420806385e+00,3.998572322001892942e+00,3.980565975332660322e+00,3.963321553357004312e+00,3.946786532315047946e+00,3.930913437356346130e+00
5.472014758422340641e+00,5.238197096642057460e+00,5.078300113195520105e+00,4.954588166411584282e+00,4.853162310707220151e+00,4.767098178677972697e+00,4.692366523911504217e+00,4.626385389675350623e+00,4.567387164869779248e+00,4.514101883879278354e+00,4.465582862990724600e+00,4.421103574254263258e+00,4.380093152160325687e+00,4.342094214260312945e+00,4.306734243160496689e+00,4.273705564210594332e+00,4.242750967243953397e+00,4.213653147501677410e+00,4.186226798884275624e+00,4.160312591353983791e+00,4.135772513717051346e+00,4.112486223478533098e+00,4.090348151294848300e+00,4.069265178911605219e+00,4.049154758556514189e+00,4.029943376125056709e+00,4.011565284954346389e+00,3.993961454645143405e+00,3.977078692323452014e+00,3.960868903318011558e+00
5.516600073195217391e+00,5.283064842450520437e+00,5.122599430424928713e+00,4.998090629953495068e+00,4.895805505038211436e+00,4.808879502065790845e+00,4.733307611341976084e+00,4.666517812404403998e+00,4.606746053244819450e+00,4.552722917468984498e+00,4.503500823768927575e+00,4.458351669994360833e+00,4.416702734197345492e+00,4.378094701125762711e+00,4.342153151528641786e+00,4.308568594068677982e+00,4.277082112155098592e+00,4.247474813862101684e+00,4.219559925342487361e+00,4.193176763681544017e+00,4.168186072782651408e+00,4.144466365333296487e+00,4.121911019148733146e+00,4.100425947209425104e+00,4.079927709588030638e+00,4.060341969709713617e+00,4.041602221777307768e+00,4.023648733817118739e+00,4.006427663710549147e+00,3.989890315150447897e+00
5.559737102838645306e+00,5.326512465254840123e+00,5.165514950906953118e+00,5.040244590048974516e+00,4.937133041762400865e+00,4.849375480184548337e+00,4.772991338957362828e+00,4.705418790978264987e+00,4.644897586642166232e+00,4.590159072830196862e+00,4.540254954485496874e+00,4.494455712105049905e+00,4.452186901177018541e+00,4.412987388321838900e+00,4.376480951147973641e+00,4.342356367072845558e+00,4.310353087443202114e+00,4.280250698235149365e+00,4.251861015086432438e+00,4.225022052793049099e+00,4.199593355276697082e+00,4.175452330470152518e+00,4.152491339223070455e+00,4.130615357999377402e+00,4.109740083808786082e+00,4.089790383938847640e+00,4.070699017368295536e+00,4.052405572323859673e+00,4.034855577327942200e+00,4.017999752645506462e+00
5.601455786738253728e+00,5.368567629207669611e+00,5.207073097622736846e+00,5.081075693324976328e+00,4.977170040959756570e+00,4.888610854812932338e+00,4.811442163981838327e+00,4.743112560033229563e+00,4.681865819424248620e+00,4.626434253670132613e+00,4.575869029329425075e+00,4.529439360574880169e+00,4.486569210126537754e+00,4.446795738244590623e+00,4.409741016009445680e+00,4.375092173495257697e+00,4.342587103210608035e+00,4.312003933256044697e+00,4.283153125353653223e+00,4.255871442122078463e+00,4.230017272064368505e+00,4.205466958151639290e+00,4.182111879940544341e+00,4.159856109474949548e+00,4.138614509680387243e+00,4.118311177955859215e+00,4.098878161905330941e+00,4.080254391687471838e+00,4.062384786321340258e+00,4.045219500832329729e+00
5.641786854419487796e+00,5.409258898857166820e+00,5.247301203107623380e+00,5.120610472201271079e+00,5.015942471816090098e+00,4.926611175091491823e+00,4.848685307766769981e+00,4.779624075346038836e+00,4.717675485226330956e+00,4.661573002648737862e+00,4.610367422861103570e+00,4.563326838981953237e+00,4.519873746668180203e+00,4.479543708625898901e+00,4.441957183842374590e+00,4.406799737327135702e+00,4.373807774750436472e+00,4.342758029626645921e+00,4.313459665644008290e+00,4.285748242799512830e+00,4.259481038306306644e+00,4.234533369625638421e+00,4.210795670424023918e+00,4.188171140207373355e+00,4.166573836624584359e+00,4.145927113297746658e+00,4.126162330194575567e+00,4.107217781047431515e+00,4.089037795154627730e+00,4.071571980430565674e+00
5.680761689151847094e+00,5.448615602145263637e+00,5.286227375816762830e+00,5.158876215427399714e+00,5.053477027418322720e+00,4.963402676448256834e+00,4.884746638651675354e+00,4.814978900419982111e+00,4.752351887061729840e+00,4.695600394808482569e+00,4.643775006585925347e+00,4.596142834044389502e+00,4.552125027392929013e+00,4.511255657588653101e+00,4.473153663720596640e+00,4.437503126315343494e+00,4.404039034901980898e+00,4.372536790686165631e+00,4.342804314409524302e+00,4.314676012372909319e+00,4.288008094123894942e+00,4.262674890658382232e+00,4.238565924824038156e+00,4.215583555198833210e+00,4.193641062737579084e+00,4.172661083209658450e+00,4.152574312527742784e+00,4.133318429506665836e+00,4.114837193393378278e+00,4.097079683022789354e+00
5.718412199034291099e+00,5.486667700315533303e+00,5.323880373049142634e+00,5.195900844944700836e+00,5.089801005707457193e+00,4.999012165553861742e+00,4.919652560751003101e+00,4.849203098908875020e+00,4.785920793187499633e+00,4.728541936694386827e+00,4.676117051152823834e+00,4.627912400734034648e+00,4.583347907738197335e+00,4.541956254148834304e+00,4.503354949059867884e+00,4.467226667335681967e+00,4.433305051689298004e+00,4.401364232212381822e+00,4.371210940922756194e+00,4.342678478653088092e+00,4.315622030341094373e+00,4.289914979093931713e+00,4.265445971623216259e+00,4.242116556863678056e+00,4.219839267383952652e+00,4.198536046791229381e+00,4.178136950324021548e+00,4.158579063215427141e+00,4.139805594179996717e+00,4.121765110872951610e+00
5.754770695658165458e+00,5.523445664896289742e+00,5.360289480610166635e+00,5.231712799248832368e+00,5.124942196752016343e+00,5.033466911453087000e+00,4.953429908796488590e+00,4.882323132991449377e+00,4.818408338826273507e+00,4.760423471243774074e+00,4.707419134241935588e+00,4.658660873003110936e+00,4.613567495405779262e+00,4.571670394187911768e+00,4.532585736017932021e+00,4.495994867103217274e+00,4.461630151232857777e+00,4.429264507433460452e+00,4.398703532294703678e+00,4.369779468650473397e+00,4.342346519257368698e+00,4.316277157387201413e+00,4.291459187857794788e+00,4.267793380871239606e+00,4.245191548597688325e+00,4.223574967896473353e+00,4.202873076472918967e+00,4.183022387104346151e+00,4.163965577307154220e+00,4.145650721293095309e+00
5.789869780376811548e+00,5.558980361854293228e+00,5.395484399323835945e+00,5.266340923361662263e+00,5.158928776441140229e+00,5.066794542958923842e+00,4.986105849106922783e+00,4.914365767753464453e+00,4.849840933787298525e+00,4.791271088475104634e+00,4.737707054157729303e+00,4.688413780127852704e+00,4.642809069312538561e+00,4.600423121877243560e+00,4.560870847268912343e+00,4.523832338181843937e+00,4.489038745887711457e+00,4.456261837195677700e+00,4.425306125579910876e+00,4.396002842531681942e+00,4.368205250375607918e+00,4.341784950028301004e+00,4.316628938168215690e+00,4.292637236756911889e+00,4.269720965191980966e+00,4.247800758684235234e+00,4.226805460270679049e+00,4.206671031155258866e+00,4.187339636774361828e+00,4.168758875439655398e+00
5.823742238151119466e+00,5.593302942950792556e+00,5.429495138443122926e+00,5.299814365461174681e+00,5.191789206638808274e+00,5.099022952340352965e+00,5.017707786704859174e+00,4.945357981585045692e+00,4.880245175982361516e+00,4.821111041960175037e+00,4.767006749101008189e+00,4.717196768632332393e+00,4.671098004027447459e+00,4.628239556499154972e+00,4.588235161088316971e+00,4.550763730221636827e+00,4.515555267529490102e+00,4.482380445201652464e+00,4.451042744877170776e+00,4.421372432499039995e+00,4.393221870982380040e+00,4.366461825750501013e+00,4.340978518566511291e+00,4.316671253184930279e+00,4.293450483457281308e+00,4.271236227695012211e+00,4.249956756822682813e+00,4.229547501079073513e+00,4.209950132694010527e+00,4.191111791402992282e+00
5.856420938887199945e+00,5.626444744274772702e+00,5.462351915950814707e+00,5.332162480163748164e+00,5.223552141788870173e+00,5.130180205285647332e+00,5.048263278552966860e+00,4.975326882556391439e+00,4.909647770790184218e+00,4.849969671024002338e+00,4.795344222055320849e+00,4.745035529719709544e+00,4.698459699614449647e+00,4.655144824576920470e+00,4.614703545654184502e+00,4.576813666323264584e+00,4.541204105881762487e+00,4.507644498207266537e+00,4.475937343309081662e+00,4.445911986471712929e+00,4.417419931454970694e+00,4.390331144392503049e+00,4.364531104787612747e+00,4.339918427726683348e+00,4.316402928308439968e+00,4.293904032312219066e+00,4.272349460767407514e+00,4.251674133253926513e+00,4.231819247397988093e+00,4.212731501439295201e+00
5.887938746136204493e+00,5.658437191878037176e+00,5.494085065693370851e+00,5.363414738405128723e+00,5.254246341914658558e+00,5.160294457079542596e+00,5.077799952841433040e+00,5.004299630695861367e+00,4.938075456185874401e+00,4.877873328581775247e+00,4.822745471190268418e+00,4.771955732106872183e+00,4.724919516771024064e+00,4.681163997197895554e+00,4.640300798443365515e+00,4.602006684403668224e+00,4.566009551754495632e+00,4.532078051042985223e+00,4.500013749742421965e+00,4.469645116427018117e+00,4.440822835150706638e+00,4.413416108267607996e+00,4.387309705074579291e+00,4.362401581002250062e+00,4.338600938726461465e+00,4.315826635451503357e+00,4.294005864163730202e+00,4.273073053763842388e+00,4.252968945583703864e+00,4.233639813182449529e+00
5.918328432986451837e+00,5.689311714392732533e+00,5.524724951246450466e+00,5.393600643824068008e+00,5.283900591916598444e+00,5.189393874894179248e+00,5.106345434221628565e+00,5.032303366060302707e+00,4.965554933519815251e+00,4.904848314491853323e+00,4.849236425655516491e+00,4.797982960131449204e+00,4.750502717126929397e+00,4.706322032390069410e+00,4.665051590579404106e+00,4.626367183415927897e+00,4.589995745043360387e+00,4.555704996306372934e+00,4.523295620093525926e+00,4.492595251243719723e+00,4.463453792718190982e+00,4.435739717877499544e+00,4.409337117233758541e+00,4.384143315019604970e+00,4.360066927327995501e+00,4.337026266310025413e+00,4.314948018372530392e+00,4.293766141367929556e+00,4.273420938328762020e+00,4.253858274664405137e+00
5.947622604944316826e+00,5.719099662474035561e+00,5.554301886372888575e+00,5.422749655515932687e+00,5.312543627036261817e+00,5.217506566060826856e+00,5.133927274850086597e+00,5.059365142458243980e+00,4.992112803802896792e+00,4.930920814278018760e+00,4.874842886615171622e+00,4.823142656977486453e+00,4.775234408546288556e+00,4.730643722392373185e+00,4.688980415969723481e+00,4.649919374258700167e+00,4.613186627323150546e+00,4.578549018557227512e+00,4.545806393048424709e+00,4.514785593875590308e+00,4.485335780657499605e+00,4.457324731796621364e+00,4.430635889784900527e+00,4.405165975535762612e+00,4.380823043886177715e+00,4.357524884998790426e+00,4.335197699755204859e+00,4.313774994222463910e+00,4.293196650796406999e+00,4.273408142966114376e+00
5.975853629572334569e+00,5.747832234878573310e+00,5.582846061901509671e+00,5.450891116992315766e+00,5.340204064325582145e+00,5.244660512161173571e+00,5.160572891080510871e+00,5.085511866661742708e+00,5.017775509331799277e+00,4.956116843052535970e+00,4.899590473351957520e+00,4.847460072847221468e+00,4.799139495258631705e+00,4.754153645642701598e+00,4.712111545054639805e+00,4.672687235196445243e+00,4.635605898855454043e+00,4.600633552834519691e+00,4.567569250016152438e+00,4.536239082673076517e+00,4.506491503946646660e+00,4.478193630544088144e+00,4.451228287022972907e+00,4.425491618256438997e+00,4.400891142619361318e+00,4.377344150874664663e+00,4.354776379005918407e+00,4.333120900172855450e+00,4.312317193449082708e+00,4.292310356316680675e+00
6.003053572630214774e+00,5.775540410962324067e+00,5.610387478827995267e+00,5.478054191156270569e+00,5.366910339934822360e+00,5.270883508753448687e+00,5.186309505619335347e+00,5.110770242922184181e+00,5.042569280468934600e+00,4.980462194453794567e+00,4.923504574254125465e+00,4.870960217891136423e+00,4.822242632630375780e+00,4.776876123294531595e+00,4.734468982978599527e+00,4.694694471600541874e+00,4.657276979820426988e+00,4.621981747304911181e+00,4.588607079125018195e+00,4.556978356662924057e+00,4.526943362544448846e+00,4.498368584253544356e+00,4.471136257802429625e+00,4.445141978685490436e+00,4.420292753059534618e+00,4.396505394384416121e+00,4.373705193930552682e+00,4.351824810429198109e+00,4.330803336584486907e+00,4.310585509455919784e+00
6.029254140446621335e+00,5.802254889359952372e+00,5.636955887416712052e+00,5.504267801081244471e+00,5.392690652012469776e+00,5.296203110529423164e+00,5.211164094942621894e+00,5.135166722588728305e+00,5.066520087376336967e+00,5.003982394398232891e+00,4.946610302485122013e+00,4.893667819696569055e+00,4.844568186377348873e+00,4.798835180063131034e+00,4.756076431985091446e+00,4.715964479813181676e+00,4.678222975575144993e+00,4.642616429845951131e+00,4.608942443065643602e+00,4.577025724590359168e+00,4.546713421575127256e+00,4.517871423947218190e+00,4.490381407851107731e+00,4.464138445432218383e+00,4.439049054309501585e+00,4.415029592230930611e+00,4.392004925483555589e+00,4.369907316437660505e+00,4.348675488007526901e+00,4.328253832074837604e+00
6.054486628236093182e+00,5.828006032590293373e+00,5.662580732064649958e+00,5.529560576364400681e+00,5.417572908993767200e+00,5.320646581683025289e+00,5.235163341757815836e+00,5.158727458615063100e+00,5.089653596490885334e+00,5.026702659435377640e+00,4.968932456126134767e+00,4.915607285126264436e+00,4.866140196010922736e+00,4.820054509195100145e+00,4.776957257830130921e+00,4.736520314930218412e+00,4.698466645735967617e+00,4.662560078362631977e+00,4.628597550580713538e+00,4.596403137525069127e+00,4.565823384997302448e+00,4.536723616218133692e+00,4.508984975419108920e+00,4.482502036783300170e+00,4.457180852496994916e+00,4.432937345671129847e+00,4.409695976873665657e+00,4.387388629760131664e+00,4.365953673651985945e+00,4.345335170149292381e+00
